,Datetime,headline,source,link
0,2025-05-21 12:49:10,DeFi Development Corp. executes seven-for-one stock split,Investing.com,https://www.investing.com/news/sec-filings/defi-development-corp-executes-sevenforone-stock-split-93CH-4056832
1,2025-05-20 15:22:22,"DFDV Stock Soars to All-Time High, Reaching $157.2",Investing.com,https://www.investing.com/news/company-news/dfdv-stock-soars-to-alltime-high-reaching-1572-93CH-4055313
2,2025-05-16 20:36:31,U.S. stocks higher at close of trade; Dow Jones Industrial Average up 0.78%,Investing.com,https://www.investing.com/news/stock-market-news/us-stocks-higher-at-close-of-trade-dow-jones-industrial-average-up-078-4051365
3,2025-05-16 12:05:25,DeFi Development Corp. partners with BONK for Solana validator node,Investing.com,https://www.investing.com/news/company-news/defi-development-corp-partners-with-bonk-for-solana-validator-node-93CH-4050510
4,2025-05-16 12:01:08,DeFi Development and BONK Make History with First Public Company and Community Memecoin Validator Partnership,Investing.com,https://www.investing.com/news/assorted/defi-development-and-bonk-make-history-with-first-public-company-and-community-memecoin-validator-partnership-432SI-4050491
5,2025-05-15 12:12:47,DeFi Development Corp adds $2.3 million in Solana to its crypto treasury,Investing.com,https://www.investing.com/news/company-news/defi-development-corp-adds-23-million-in-solana-to-its-crypto-treasury-93CH-4047851
6,2025-05-15 12:04:14,"DeFi Development Purchases 16,447 SOL, Becomes Leading Solana Treasury Company",Investing.com,https://www.investing.com/news/cryptocurrency-news/defi-development-purchases-16447-sol-becomes-leading-solana-treasury-company-432SI-4047824
7,2025-05-14 21:40:03,DeFi Development Corp. Introduces New Treasury Strategy Compensation Plan Tied to SOL Per Share (SPS),Investing.com,https://www.investing.com/news/press-releases/defi-development-corp-introduces-new-treasury-strategy-compensation-plan-tied-to-sol-per-share-sps-93CH-4046508
8,2025-05-14 12:28:03,DeFi Development Corp. Reports First Quarter 2025 Financial Results and Provides Strategic Update on Solana Treasury Activity,Investing.com,https://www.investing.com/news/press-releases/defi-development-corp-reports-first-quarter-2025-financial-results-and-provides-strategic-update-on-solana-treasury-activity-93CH-4044871
9,2025-05-13 21:48:03,"DeFi Development Corp. to Host X Spaces Event: Fireside Chat with John Han (CFO), DK (Head of IR), and Pete Humiston (Head of Research and Content)",Investing.com,https://www.investing.com/news/press-releases/defi-development-corp-to-host-x-spaces-event-fireside-chat-with-john-han-cfo-dk-head-of-ir-and-pete-humiston-head-of-research-and-content-93CH-4043485
10,2025-05-12 12:02:17,Amber Road Unveils US$100M Crypto Ecosystem Reserve to Expand Institutional Crypto,Investing.com,https://www.investing.com/news/assorted/amber-road-unveils-us100m-crypto-ecosystem-reserve-to-expand-institutional-crypto-432SI-4038781
11,2025-05-08 15:14:40,"DeFi Development Corp. Purchases 20,473 Solana (SOL), Bringing Treasury Holdings to 420,690 SOL",Investing.com,https://www.investing.com/news/press-releases/defi-development-corp-purchases-20473-solana-sol-bringing-treasury-holdings-to-420690-sol-93CH-4033614
12,2025-05-08 12:28:04,DeFi Development Corp. Announces Closing of $24 Million Private Placement,Investing.com,https://www.investing.com/news/press-releases/defi-development-corp-announces-closing-of-24-million-private-placement-93CH-4032533
13,2025-05-07 23:00:05,DeFi Development Corp. Announces Seven-For-One Stock Split,Investing.com,https://www.investing.com/news/press-releases/defi-development-corp-announces-sevenforone-stock-split-93CH-4030636
